adduser	3.158	all
amass	5.1.1-0kali3	amd64
apt	3.3.2+kali1	amd64
apt-utils	3.3.2+kali1	amd64
base-files	1:2026.3.0	amd64
base-passwd	3.6.8	amd64
bash	5.3-3+b1	amd64
bind9-dnsutils	1:9.20.27-1	amd64
bind9-host	1:9.20.27-1	amd64
bind9-libs	1:9.20.27-1	amd64
binutils	2.47-2	amd64
binutils-common	2.47-2	amd64
binutils-mingw-w64-base	2.45.90.20260125-1+13.3	amd64
binutils-mingw-w64-i686	2.45.90.20260125-1+13.3	amd64
binutils-mingw-w64-x86-64	2.45.90.20260125-1+13.3	amd64
binutils-x86-64-linux-gnu	2.47-2	amd64
bsdextrautils	2.42.2-2	amd64
bsdutils	1:2.42.2-2	amd64
bubblewrap	0.11.2-2	amd64
bundler	4.0.18-1	all
ca-certificates	20260601	all
clang-21	1:21.1.8-10	amd64
coreutils	9.10-1	amd64
crackmapexec	5.4.0-0kali7	all
curl	8.21.0-2	amd64
dash	0.5.12-12	amd64
debconf	1.5.92	all
debian-archive-keyring	2025.1	all
debianutils	5.23.2	amd64
diffutils	1:3.12-1	amd64
dirb	2.22+dfsg-7	amd64
dnsenum	1.3.2-1	all
dnsrecon	1.6.0-1	all
dpkg	1.23.7+kali1	amd64
enum4linux	0.9.1-0kali2	all
exploitdb	20260819-0kali1	all
ffuf	2.1.0-1+b11	amd64
fierce	1.6.0-2	all
findutils	4.11.0-2	amd64
firebird4.0-common	4.0.7.3271.ds6-1	all
firebird4.0-common-doc	4.0.7.3271.ds6-1	all
fontconfig	2.17.1-5	amd64
fontconfig-config	2.17.1-5	amd64
fonts-dejavu-core	2.37-9	all
fonts-dejavu-mono	2.37-9	all
fonts-font-awesome	7.3.0+dfsg-1	all
fonts-font-awesome-legacy	6-3	all
fonts-lato	2.015-1	all
freetds-common	1.5.5+ds-1	all
gcc-15-base	15.3.0-2	amd64
gcc-16-base	16.2.0-1	amd64
gcc-mingw-w64-base	15.2.0-12+28.3	amd64
gcc-mingw-w64-i686-win32	15.2.0-12+28.3	amd64
gcc-mingw-w64-i686-win32-runtime	15.2.0-12+28.3	amd64
gcc-mingw-w64-x86-64-win32	15.2.0-12+28.3	amd64
gcc-mingw-w64-x86-64-win32-runtime	15.2.0-12+28.3	amd64
git	1:2.53.0-1	amd64
git-man	1:2.53.0-1	all
glycin-loaders	2.1.5+ds-2	amd64
glycin-thumbnailers	2.1.5+ds-2	amd64
gobuster	3.8.2-1	amd64
grep	3.12-1	amd64
gzip	1.13-1	amd64
hashcat	7.1.2+ds1-4	amd64
hashcat-data	7.1.2+ds1-4	all
hostname	3.25	amd64
hydra	9.7-1	amd64
ieee-data	20260625	all
init-system-helpers	1.69+kali1	all
john	1.9.0-Jumbo-1+git20211102-0kali11	amd64
john-data	1.9.0-Jumbo-1+git20211102-0kali11	all
kali-archive-keyring	2025.2	all
kali-defaults	2026.3.2	all
ldap-utils	2.6.14+dfsg-1	amd64
libabsl20260526	20260526.0-2	amd64
libacl1	2.4.0-1	amd64
libaio1t64	0.3.113-9+kali2	amd64
libaom3	3.14.1-1	amd64
libapparmor1	4.1.8-1	amd64
libapr1t64	1.7.6-3+b1	amd64
libaprutil1t64	1.6.4-2	amd64
libapt-pkg7.0	3.3.2+kali1	amd64
libarchive13t64	3.8.9-1	amd64
libasan8	16.2.0-1	amd64
libatomic1	16.2.0-1	amd64
libattr1	1:2.6.0-1	amd64
libaudit-common	1:4.1.2-1	all
libaudit1	1:4.1.2-1+b1	amd64
libavahi-client3	0.8-18	amd64
libavahi-common-data	0.8-18	amd64
libavahi-common3	0.8-18	amd64
libavcodec62	7:8.1.2-2+b3	amd64
libavif16	1.4.2-1	amd64
libavutil60	7:8.1.2-2+b3	amd64
libbinutils	2.47-2	amd64
libblas3	3.12.1-8	amd64
libblkid1	2.42.2-2	amd64
libbrotli1	1.2.0-3	amd64
libbsd0	0.12.2-3	amd64
libbson2-2	2.5.0-1	amd64
libbz2-1.0	1.0.8-6+b2	amd64
libc-bin	2.42-17	amd64
libc-dev-bin	2.42-17	amd64
libc-gconv-modules-extra	2.42-17	amd64
libc-l10n	2.42-17	all
libc6	2.42-17	amd64
libc6-dev	2.42-17	amd64
libcairo-gobject2	1.18.4-3+b1	amd64
libcairo2	1.18.4-3+b1	amd64
libcap-ng0	0.9.3-1+b1	amd64
libcap2	1:2.78-1	amd64
libcap2-bin	1:2.78-1	amd64
libcares2	1.34.8-1	amd64
libcbor0.10	0.10.2-2.2	amd64
libcgi-pm-perl	4.72-1	all
libclang-common-21-dev	1:21.1.8-10	amd64
libclang-cpp21	1:21.1.8-10	amd64
libclang1-21	1:21.1.8-10	amd64
libclone-perl	0.50-1+b1	amd64
libcodec2-1.2	1.2.0-5	amd64
libcom-err2	1.47.4-1	amd64
libcrypt1	1:4.5.2+20251210-1	amd64
libctf-nobfd0	2.47-2	amd64
libctf0	2.47-2	amd64
libcups2t64	2.4.18-1	amd64
libcurl3t64-gnutls	8.21.0-2	amd64
libcurl4-gnutls	8.21.0-2	amd64
libcurl4t64	8.21.0-2	amd64
libdatrie1	0.2.14-2	amd64
libdav1d7	1.5.4-1	amd64
libdb5.3t64	5.3.28+dfsg2-11+b1	amd64
libdbus-1-3	1.16.2-5+b1	amd64
libde265-0	1.1.1-1	amd64
libdebconfclient0	0.283	amd64
libdeflate0	1.25-1	amd64
libdigest-hmac-perl	1.05+dfsg-1	all
libdigest-perl-md5-perl	1.91-1	all
libdouble-conversion3	3.4.0-1+b1	amd64
libdrm-common	2.4.134-3	all
libdrm2	2.4.134-3	amd64
libedit2	3.1-20260512-1	amd64
libencode-locale-perl	1.05-3	all
liberror-perl	0.17030-1	all
libexpat1	2.8.3-1	amd64
libfbclient2	4.0.7.3271.ds6-1+b2	amd64
libffi8	3.7.1-2	amd64
libfido2-1	1.17.0-2	amd64
libfile-listing-perl	6.16-1	all
libfontconfig1	2.17.1-5	amd64
libfreerdp3-3	3.30.0+dfsg-1	amd64
libfreetype6	2.14.3+dfsg-2	amd64
libfribidi0	1.0.16-5+b1	amd64
libfstrm0	0.6.1-1+b4	amd64
libgav1-2	0.20.0-2+b2	amd64
libgc1	1:8.2.12-1	amd64
libgcc-15-dev	15.3.0-2	amd64
libgcc-s1	16.2.0-1	amd64
libgcrypt20	1.12.2-1	amd64
libgdbm-compat4t64	1.26-1+b2	amd64
libgdbm6t64	1.26-1+b2	amd64
libgdk-pixbuf-2.0-0	2.44.7+dfsg-1	amd64
libgdk-pixbuf2.0-common	2.44.7+dfsg-1	all
libglib2.0-0t64	2.88.3-2	amd64
libglycin-2-0	2.1.5+ds-2	amd64
libgmp10	2:6.3.0+dfsg-5+b2	amd64
libgnutls30t64	3.8.13-1	amd64
libgomp1	16.2.0-1	amd64
libgpg-error0	1.61-3	amd64
libgprofng0	2.47-2	amd64
libgraphite2-3	1.3.15-2	amd64
libgsm1	1.0.24-1	amd64
libgssapi-krb5-2	1.22.1-3	amd64
libharfbuzz0b	12.3.2-2+b2	amd64
libhashkit2t64	1.1.4-1.2	amd64
libheif-plugin-dav1d	1.23.1-1	amd64
libheif-plugin-libde265	1.23.1-1	amd64
libheif1	1.23.1-1	amd64
libhogweed6t64	3.10.2-1+b1	amd64
libhtml-form-perl	6.13-1	all
libhtml-parser-perl	3.83-2+b1	amd64
libhtml-tagset-perl	3.24-1	all
libhtml-tree-perl	5.07-3	all
libhttp-cookies-perl	6.12-2	all
libhttp-date-perl	6.08-1	all
libhttp-message-perl	7.04-1	all
libhttp-negotiate-perl	6.01-2	all
libhwasan0	16.2.0-1	amd64
libhwloc15	2.14.0-2	amd64
libhwy1t64	1.3.0-5.1	amd64
libicu78	78.3-2	amd64
libidn12	1.44-1	amd64
libidn2-0	2.3.8-5	amd64
libimagequant0	4.4.1-1+b2	amd64
libio-html-perl	1.004-3	all
libio-socket-ssl-perl	2.099-1	all
libisl23	0.28-1	amd64
libitm1	16.2.0-1	amd64
libjansson4	2.15.1-1	amd64
libjbig0	2.1-6.1+b3	amd64
libjemalloc2	5.3.1-2	amd64
libjpeg62-turbo	1:3.1.3-4	amd64
libjs-jquery	3.7.1+dfsg+~3.5.33-1	all
libjs-sphinxdoc	9.1.0-6	all
libjson-c5	0.19+ds-1	amd64
libjson-perl	4.10000-1	all
libjxl0.11	0.11.2-5	amd64
libk5crypto3	1.22.1-3	amd64
libkeyutils1	1.6.3-6+b2	amd64
libkrb5-3	1.22.1-3	amd64
libkrb5support0	1.22.1-3	amd64
liblcms2-2	2.19.1-1	amd64
libldap2	2.6.14+dfsg-1	amd64
libldb2	2:2.11.0+samba4.24.5+dfsg-1	amd64
liblerc4	4.2.0+ds-1	amd64
liblinear4	2.3.0+dfsg-5+b3	amd64
libllvm21	1:21.1.8-10	amd64
libllvmspirvlib21.1	21.1.5-1	amd64
liblmdb0	0.9.35-1	amd64
liblsan0	16.2.0-1	amd64
liblua5.4-0	5.4.8-2	amd64
liblwp-mediatypes-perl	6.04-2	all
liblwp-protocol-https-perl	6.15-1	all
liblz4-1	1.10.0-10	amd64
liblzma5	5.8.3-1	amd64
libmagic-mgc	1:5.47-4	amd64
libmagic1t64	1:5.47-4	amd64
libmariadb3	1:11.8.8-1	amd64
libmaxminddb0	1.13.3-1	amd64
libmd0	1.2.0-2	amd64
libmemcached11t64	1.1.4-1.2	amd64
libminizip1t64	1:1.3.dfsg+really1.3.2-3	amd64
libmongoc2-2	2.5.0-1	amd64
libmongocrypt0	1.20.2-1	amd64
libmount1	2.42.2-2	amd64
libmp3lame0	4.0-1	amd64
libmpc3	1.3.1-3	amd64
libmpfr6	4.2.2-3	amd64
libmpg123-0t64	1.33.7-1	amd64
libncurses6	6.6+20260608-2	amd64
libncursesw6	6.6+20260608-2	amd64
libnet-dns-perl	1.56-1	all
libnet-http-perl	6.24-1	all
libnet-ip-perl	1.26-4	all
libnet-netmask-perl	2.0003-1	all
libnet-ssleay-perl	1.96-1+b1	amd64
libnet-whois-ip-perl	1.19-3	all
libnettle8t64	3.10.2-1+b1	amd64
libnghttp2-14	1.70.0-1	amd64
libnghttp3-9	1.17.0-1	amd64
libngtcp2-16	1.24.0-1	amd64
libngtcp2-crypto-gnutls8	1.24.0-1	amd64
libngtcp2-crypto-ossl0	1.24.0-1	amd64
libnuma1	2.0.19-1+b2	amd64
libobjc-15-dev	15.3.0-2	amd64
libobjc4	16.2.0-1	amd64
libogg0	1.3.6-2+b1	amd64
libopenjp2-7	2.5.4-1.1	amd64
libopus0	1.6.1-1+b1	amd64
libp11-kit0	0.26.4-1	amd64
libpam-modules	1.7.0-8	amd64
libpam-modules-bin	1.7.0-8	amd64
libpam-runtime	1.7.0-8	all
libpam0g	1.7.0-8	amd64
libpango-1.0-0	1.58.0-1	amd64
libpangocairo-1.0-0	1.58.0-1	amd64
libpangoft2-1.0-0	1.58.0-1	amd64
libpcap0.8t64	1.10.6-2	amd64
libpcre2-8-0	10.46-1+b2	amd64
libperl5.42	5.42.2-3	amd64
libpixman-1-0	0.46.4-1+b2	amd64
libpng16-16t64	1.6.58-1	amd64
libpocl2-common	7.1-9	all
libpocl2t64	7.1-9	amd64
libpopt0	1.19+dfsg-2+b2	amd64
libpostal-data	1.1.4-0kali1	all
libpq5	18.4-1+b2	amd64
libproc2-1	2:4.0.6-3	amd64
libprotobuf-c1	1.5.1-1+b2	amd64
libpsl5t64	0.23.3-1	amd64
libpython3-stdlib	3.14.6-1	amd64
libpython3.14-minimal	3.14.6-1	amd64
libpython3.14-stdlib	3.14.6-1	amd64
libquadmath0	16.2.0-1	amd64
libraqm0	0.10.5-1	amd64
librav1e0.8	0.8.1-11	amd64
libreadline8t64	8.3-4	amd64
libregexp-ipv6-perl	0.03-3	all
librsvg2-2	2.62.1+dfsg-1	amd64
libruby	1:3.3+b1	amd64
libruby3.3	3.3.8-2.2	amd64
libsasl2-2	2.1.28+dfsg1-11	amd64
libsasl2-modules-db	2.1.28+dfsg1-11	amd64
libseccomp2	2.6.1-1	amd64
libselinux1	3.11-2	amd64
libsemanage-common	3.11-1	all
libsemanage2	3.11-1	amd64
libsepol2	3.11-1	amd64
libserf-1-1	1.3.10-4	amd64
libsframe3	2.47-2	amd64
libsharpyuv0	1.5.0-0.1+b2	amd64
libshine3	3.1.1-4	amd64
libsmartcols1	2.42.2-2	amd64
libsmbclient0	2:4.24.5+dfsg-1	amd64
libsnappy1v5	1.2.2-2+b2	amd64
libsodium26	1.0.22-2	amd64
libsoxr0	0.1.3-4.1+b1	amd64
libspeex1	1.2.1-3+b2	amd64
libsqlite3-0	3.53.4-2	amd64
libssh-4	0.12.2-1	amd64
libssh2-1t64	1.11.1-6	amd64
libssl3t64	3.6.3-1	amd64
libstdc++-15-dev	15.3.0-2	amd64
libstdc++6	16.2.0-1	amd64
libstring-random-perl	1:0.32-2	all
libsvn1	1.14.5-6+b1	amd64
libsvtav1enc4	4.1.0+dfsg-1	amd64
libswresample6	7:8.1.2-2+b3	amd64
libswscale9	7:8.1.2-2+b3	amd64
libsybdb5	1.5.5+ds-1+b2	amd64
libsystemd-shared	261.2-1	amd64
libsystemd0	261.2-1	amd64
libtalloc2	2:2.4.4+samba4.24.5+dfsg-1	amd64
libtasn1-6	4.21.0-2+b1	amd64
libtcl8.6	8.6.18+dfsg-1	amd64
libtdb1	2:1.4.15+samba4.24.5+dfsg-1	amd64
libtevent0t64	2:0.17.1+samba4.24.5+dfsg-1	amd64
libtext-charwidth-perl	0.04-12+b1	amd64
libtext-wrapi18n-perl	0.06-11	all
libthai-data	0.1.30-3	all
libthai0	0.1.30-3	amd64
libtheoradec2	1.2.0+dfsg-6+b2	amd64
libtheoraenc2	1.2.0+dfsg-6+b2	amd64
libtiff6	4.7.2-1	amd64
libtimedate-perl	2.3500-1	all
libtinfo6	6.6+20260608-2	amd64
libtirpc-common	1.3.7+ds-1	all
libtirpc3t64	1.3.7+ds-1	amd64
libtk8.6	8.6.18-1	amd64
libtommath1	1.3.0-1+b2	amd64
libtry-tiny-perl	0.32-1	all
libtsan2	16.2.0-1	amd64
libtwolame0	0.4.0-3	amd64
libubsan1	16.2.0-1	amd64
libudev1	261.2-1	amd64
libunistring5	1.4.2-1	amd64
liburcu8t64	0.15.6-1+b1	amd64
liburi-perl	5.35-1	all
liburing2	2.15-1	amd64
liburiparser1	1.0.1+dfsg-1	amd64
libutf8proc3	2.11.3-2	amd64
libuuid1	2.42.2-2	amd64
libuv1t64	1.52.1-4	amd64
libva-drm2	2.24.1-2	amd64
libva-x11-2	2.24.1-2	amd64
libva2	2.24.1-2	amd64
libvdpau1	1.5-4+b1	amd64
libvorbis0a	1.3.7-3+b2	amd64
libvorbisenc2	1.3.7-3+b2	amd64
libvpl2	1:2.16.0-1	amd64
libvpx12	1.16.0-3	amd64
libwbclient0	2:4.24.5+dfsg-1	amd64
libwebp7	1.5.0-0.1+b2	amd64
libwebpdemux2	1.5.0-0.1+b2	amd64
libwebpmux3	1.5.0-0.1+b2	amd64
libwhisker2-perl	2.5-1.3	all
libwinpr3-3	3.30.0+dfsg-1	amd64
libwww-mechanize-perl	2.22-1	all
libwww-perl	6.83-1	all
libwww-robotrules-perl	6.03-1	all
libx11-6	2:1.8.13-1	amd64
libx11-data	2:1.8.13-1	all
libx11-xcb1	2:1.8.13-1	amd64
libx264-165	2:0.165.3223+git20250910.0480cb0-1	amd64
libx265-216	4.2-3	amd64
libxau6	1:1.0.11-1+b2	amd64
libxcb-dri3-0	1.17.0-2+b2	amd64
libxcb-render0	1.17.0-2+b2	amd64
libxcb-shm0	1.17.0-2+b2	amd64
libxcb1	1.17.0-2+b2	amd64
libxdmcp6	1:1.1.5-2+b1	amd64
libxext6	2:1.3.4-1+b4	amd64
libxfixes3	1:6.0.0-2+b5	amd64
libxft2	2.3.6-1+b5	amd64
libxkbfile1	1:1.1.0-1+b5	amd64
libxml-libxml-perl	2.0207+dfsg+really+2.0134-8+b1	amd64
libxml-namespacesupport-perl	1.12-2	all
libxml-sax-base-perl	1.09-3	all
libxml-sax-perl	1.02+dfsg-5	all
libxml-writer-perl	0.900-2	all
libxml2-16	2.15.3+dfsg-1	amd64
libxml2-utils	2.15.3+dfsg-1	amd64
libxrender1	1:0.9.12-1+b2	amd64
libxslt1.1	1.1.45-0.1	amd64
libxss1	1:1.2.3-1+b4	amd64
libxvidcore4	2:1.3.7-3+b2	amd64
libxxhash0	0.8.3-2+b2	amd64
libyaml-0-2	0.2.5-2+b1	amd64
libyuv0	0.0.1949.20260706-1	amd64
libz3-4	4.13.3-1.1	amd64
libzstd1	1.5.7+dfsg-4	amd64
libzvbi-common	0.2.45-1	all
libzvbi0t64	0.2.45-1	amd64
linux-libc-dev	7.1.5-1kali1	all
llvm-21-linker-tools	1:21.1.8-10	amd64
llvm-spirv-21	21.1.5-1	amd64
locales	2.42-17	all
login	1:4.16.0-2+really2.42.2-2	amd64
login.defs	1:4.19.3-2	all
mariadb-common	1:11.8.8-1	all
mawk	1.3.4.20260302-1	amd64
media-types	14.0.0	all
metasploit-framework	6.5.2-0kali1	amd64
mingw-w64-common	14.0.0-1	all
mingw-w64-i686-dev	14.0.0-1	all
mingw-w64-x86-64-dev	14.0.0-1	all
mount	2.42.2-2	amd64
mysql-common	5.8+1.1.1	all
nasm	3.01-1	amd64
nbtscan	1.7.2-3	amd64
ncurses-base	6.6+20260608-2	all
ncurses-bin	6.6+20260608-2	amd64
net-tools	2.10-2	amd64
netbase	6.5	all
netcat-openbsd	1.238-1	amd64
nikto	1:2.6.1-0kali1	all
nmap	7.99+dfsg-1kali1	amd64
nmap-common	7.99+dfsg-1kali1	all
nuclei	3.11.1-0kali1	amd64
ocl-icd-libopencl1	2.3.4-1+b1	amd64
oletools	0.60.2-0kali1	all
openssl	3.6.3-1	amd64
openssl-provider-legacy	3.6.3-1	amd64
oracle-instantclient-basic	19.6.0.0.0-0kali5	amd64
passwd	1:4.19.3-2	amd64
perl	5.42.2-3	amd64
perl-base	5.42.2-3	amd64
perl-modules-5.42	5.42.2-3	all
perl-openssl-defaults	7+b2	amd64
pocl-opencl-icd	7.1-9	amd64
polenum	1.7-1	all
postgresql	18+290	all
postgresql-18	18.4-1+b2	amd64
postgresql-client-18	18.4-1+b2	amd64
postgresql-client-common	290	all
postgresql-common	290	all
procps	2:4.0.6-3	amd64
publicsuffix	20260725.1419-1	all
python3	3.14.6-1	amd64
python3-aardwolf	0.2.8-0kali3+b2	amd64
python3-aesedb	0.1.4-0kali1	all
python3-aiocmd	0.1.2-0kali1	all
python3-aioconsole	0.8.2-1	all
python3-aiodns	4.0.0-0.1	all
python3-aiofiles	25.1.0-2	all
python3-aiohappyeyeballs	2.7.1-1	all
python3-aiohttp	3.14.1-4	amd64
python3-aiohttp-socks	0.11.0-1	all
python3-aiomultiprocess	0.9.1-0kali1	all
python3-aioquic	1.3.0-1	amd64
python3-aiosignal	1.4.0-1	all
python3-aiosmb	0.4.4-0kali2	all
python3-aiosqlite	0.21.0-1	all
python3-aiowinreg	0.0.7-0kali1	all
python3-annotated-doc	0.0.4-2	all
python3-annotated-types	0.8.0-1	all
python3-anyio	4.12.1-3	all
python3-arc4	0.4.0-0kali1	amd64
python3-argcomplete	3.7.0-1	all
python3-asciitree	0.3.3-4	all
python3-asn1crypto	1.5.1-3	all
python3-asn1tools	0.166.0-0kali3	all
python3-asyauth	0.0.20-0kali1	all
python3-async-timeout	5.0.1-4	all
python3-asysocks	0.2.12-0kali1	all
python3-attr	26.1.0-1	all
python3-autocommand	2.2.2-4	all
python3-backoff	2.2.1-2	all
python3-bcrypt	5.0.0-6	amd64
python3-bitstruct	8.22.1-1	amd64
python3-blinker	1.9.0-2	all
python3-bs4	4.15.0-1	all
python3-censys	2.2.19-2	all
python3-certifi	2026.7.22+ds-1	all
python3-cffi-backend	2.1.1-1	amd64
python3-chardet	5.2.0+dfsg-2	all
python3-charset-normalizer	3.4.7-2	amd64
python3-click	8.3.3-2	all
python3-colorama	0.4.6-5	all
python3-colorclass	2.2.2-10	all
python3-cryptography	47.0.0-1	amd64
python3-dateutil	2.9.0-5	all
python3-decorator	5.2.1-2	all
python3-deprecated	1.3.1-1	all
python3-dnspython	2.8.0-5	all
python3-dotenv	1.2.1-2	all
python3-dsinternals	1.2.4+git20230301.edb3fc8-0kali1	all
python3-easygui	0.98.3-1	all
python3-email-validator	2.2.0-1	all
python3-fastapi	0.135.3-1	all
python3-filelock	3.32.2-1	all
python3-flask	3.1.3-4	all
python3-frozenlist	1.8.0-3	amd64
python3-greenlet	3.3.2-4	amd64
python3-gssapi	1.11.1-2	amd64
python3-h11	0.16.0-2	all
python3-httpcore	1.0.9-1	all
python3-httpx	0.28.1-1.1	all
python3-httpx-sse	0.4.3-3	all
python3-idna	3.18-1	all
python3-impacket	0.13.0+git20251120-9c2d8b6-0kali1	all
python3-inflect	7.5.0-2	all
python3-invoke	3.0.3+ds-1	all
python3-itsdangerous	2.2.0-3	all
python3-jaraco.context	6.0.1-2	all
python3-jaraco.functools	4.1.0-1	all
python3-jinja2	3.1.6-3	all
python3-jsonschema	4.26.0-2	all
python3-jsonschema-specifications	2023.12.1-6	all
python3-jwt	2.13.0-1	all
python3-krb5	0.9.0-1+b1	amd64
python3-ldap3	2.9.1-2	all
python3-ldapdomaindump	0.9.4-2	all
python3-legacy-cgi	2.6.4-3	all
python3-limits	4.4.1-3	all
python3-linkify-it	2.1.0-2	all
python3-loguru	0.7.3-5	all
python3-lsassy	3.1.11-0kali1	all
python3-lxml	6.1.0-1	amd64
python3-magic	2:0.4.27-6	all
python3-markdown-it	4.2.0-3	all
python3-markupsafe	3.0.3-2	amd64
python3-masky	0.2.1-0kali1	all
python3-mcp	1.26.0-0kali1	all
python3-mdurl	0.1.2-1	all
python3-minidump	0.0.21-0kali1	all
python3-minikerberos	0.4.4-0kali2	all
python3-minimal	3.14.6-1	amd64
python3-more-itertools	11.1.0-1	all
python3-msgpack	1.1.2-4	amd64
python3-msldap	0.5.10-0kali1	all
python3-msoffcrypto-tool	6.0.0-1	all
python3-multidict	6.4.3-2	amd64
python3-nacl	1.6.2-3	amd64
python3-nassl	5.4.0-0kali3	amd64
python3-neo4j	5.2.1-0kali2	all
python3-neobolt	1.7.17-0kali1	all
python3-neotime	1.7.4-0kali2	all
python3-netaddr	1.3.0-2	all
python3-netifaces	0.11.0-2+b7	amd64
python3-olefile	0.47-1	all
python3-openssl	26.2.0-1	all
python3-oscrypto	1.3.0-7	all
python3-packaging	26.2-2	all
python3-paramiko	4.0.0-4	all
python3-pcodedmp	1.2.6-0kali1	all
python3-pil	12.3.0-1	amd64
python3-pkg-resources	78.1.1-0.1	all
python3-playwright	1.55.0+ds-2	all
python3-prompt-toolkit	3.0.53-1	all
python3-propcache	0.5.2-2	amd64
python3-pyasn1	0.6.4-1	all
python3-pyasn1-modules	0.4.1-2	all
python3-pycares	5.0.1-3	amd64
python3-pycryptodome	3.20.0+dfsg-3	amd64
python3-pycurl	7.47.0-2	amd64
python3-pydantic	2.13.4-3	amd64
python3-pydantic-core	2.46.4-3	amd64
python3-pydantic-settings	2.14.2-1	all
python3-pyee	13.0.0-2	all
python3-pygments	2.20.0+dfsg-2	all
python3-pylnk3	0.4.3-0kali1	all
python3-pylsqpack	0.3.23-1	amd64
python3-pyparsing	3.3.2-2	all
python3-pyperclip	1.11.0-1	all
python3-pypsrp	0.8.1-0kali4	all
python3-pypykatz	0.6.13-0kali1	all
python3-pyspnego	0.10.2-4	all
python3-python-multipart	0.0.26-1	all
python3-python-socks	2.8.1-2	all
python3-pytz	2025.2-7	all
python3-pywerview	0.3.3-0kali1	all
python3-referencing	0.37.0+~2025.1.1-3	all
python3-requests	2.32.5+dfsg-2	all
python3-requests-file	3.0.1-1	all
python3-retrying	1.4.2-3	all
python3-rich	15.0.0-1	all
python3-rpds-py	0.30.0-2	amd64
python3-service-identity	26.1.0-2	all
python3-shellingham	1.5.4-1	all
python3-shodan	1.31.0-2	all
python3-six	1.17.0-3	all
python3-slowapi	0.1.10-1	all
python3-soupsieve	2.8.4-1	all
python3-sse-starlette	3.4.6-1	all
python3-stamina	26.1.0+dfsg-1	all
python3-starlette	1.3.1-1	all
python3-tabulate	0.10.0-1	all
python3-tenacity	9.1.4-2	all
python3-termcolor	2.4.0-3	all
python3-terminaltables3	4.0.0-9	all
python3-tk	3.14.6-1	amd64
python3-tldextract	5.3.1-2	all
python3-tls-parser	1.2.2-0kali1	all
python3-tqdm	4.69.0-1	all
python3-typeguard	4.4.4-3	all
python3-typer	0.20.0-1	all
python3-typing-extensions	4.16.0-4	all
python3-typing-inspection	0.4.4-1	all
python3-uc-micro	2.0.0-1	all
python3-ujson	5.13.0-1	amd64
python3-unicrypto	0.0.12-1	all
python3-urllib3	2.7.0-3	all
python3-uvicorn	0.38.0-1	all
python3-uvloop	0.22.1+ds1-3	amd64
python3-wcwidth	0.2.14+dfsg1-2	all
python3-werkzeug	3.1.8-1	all
python3-winacl	0.1.9-0kali2	all
python3-wrapt	2.1.1-2	amd64
python3-wsproto	1.3.2-3	all
python3-xlsxwriter	3.1.9-2	all
python3-xmltodict	1.0.3-1.1	all
python3-yaml	6.0.3-1	amd64
python3-yarl	1.23.0-2	amd64
python3.13-tk	3.13.14-1	amd64
python3.14	3.14.6-1	amd64
python3.14-minimal	3.14.6-1	amd64
python3.14-tk	3.14.6-1	amd64
racc	1.8.1-2	all
rake	13.4.2-1	all
readline-common	8.3-4	all
responder	3.2.2.0-0kali1	all
rpcsvc-proto	1.4.4-1	amd64
ruby	1:3.3+b1	amd64
ruby-activesupport	2:7.2.3.2+dfsg-2	all
ruby-addressable	2.9.0-1	all
ruby-base64	0.3.0-1	all
ruby-bundler	4.0.18-1	all
ruby-cms-scanner	0.15.0-0kali4	all
ruby-concurrent	1.3.8-1	all
ruby-connection-pool	3.0.2-2	all
ruby-csv	3.3.5-1	all
ruby-did-you-mean	2.0.0-1	all
ruby-ethon	0.18.0-2	all
ruby-ferrum	0.17.2-2	all
ruby-ffi	1.17.4+dfsg-1	amd64
ruby-get-process-mem	1.0.0-1	all
ruby-i18n	1.15.2-1	all
ruby-ipaddress	0.8.3-6	all
ruby-json	2.21.2+dfsg-1	amd64
ruby-mime-types	3.7.0-1	all
ruby-mime-types-data	3.2026.0701-1	all
ruby-mini-portile2	2.8.9-2	all
ruby-minitest	6.0.6-2	all
ruby-net-telnet	0.2.0-1	all
ruby-nokogiri	1.19.4+dfsg-1	amd64
ruby-opt-parse-validator	1.10.1-0kali2	all
ruby-pkg-config	1.6.5-1	all
ruby-progressbar	1.13.0-2	all
ruby-public-suffix	7.0.5-1	all
ruby-ruby2-keywords	0.0.5-1	all
ruby-rubygems	4.0.18-1	all
ruby-sys-proctable	1.3.0-1	all
ruby-typhoeus	1.6.0-1	all
ruby-tzinfo	2.0.6-2	all
ruby-webrick	1.9.2-2	all
ruby-websocket-driver	0.8.2-1	amd64
ruby-websocket-extensions	0.1.5-2	all
ruby-xmlrpc	0.3.3-2	all
ruby-yajl	1.4.3-2	amd64
ruby3.3	3.3.8-2.2	amd64
rubygems-integration	1.20.1	all
samba	2:4.24.5+dfsg-1	amd64
samba-common	2:4.24.5+dfsg-1	all
samba-common-bin	2:4.24.5+dfsg-1	amd64
samba-libs	2:4.24.5+dfsg-1	amd64
sed	4.9-3	amd64
sensible-utils	0.0.26	all
shared-mime-info	2.4-5+b3	amd64
smbclient	2:4.24.5+dfsg-1	amd64
sphinx-rtd-theme-common	3.1.0+dfsg-2	all
sqlmap	1.10.8-1	all
sqv	1.4.0-1	amd64
ssl-cert	1.2.0	all
sslscan	2.1.5-1	amd64
sslyze	6.3.1-0kali2	all
subfinder	2.16.0-0kali1	amd64
sudo	1.9.17p2-7	amd64
syft	1.49.0+ds-0kali1	amd64
systemd	261.2-1	amd64
sysvinit-utils	3.18-1	amd64
tar	1.35+dfsg-5	amd64
testssl.sh	3.2.4+dfsg-2	all
theharvester	4.11.1-0kali1	all
trivy	0.66.0-0kali1	amd64
tzdata	2026c-1	all
ucf	3.0056	all
uro	1.0.2-0kali1	all
util-linux	2.42.2-2	amd64
wafw00f	2.4.2-1	all
wfuzz	3.1.0-6	all
wget	1.25.0-3	amd64
whatweb	0.6.4-1	all
whois	5.6.6	amd64
wpscan	4.1.0-0kali1	all
x11-common	1:7.7+26	all
zlib1g	1:1.3.dfsg+really1.3.2-3	amd64
